Configuration,Metric,Statistic,p-value,p-value (corrected)
With T2,Average Thickness,0.11871994694080584,1.3710632831999647e-148,2.1937012531199435e-147
With T2,Thickness StdDev,0.15308406566075278,2.7687993120924878e-247,4.4300788993479805e-246
With FLAIR,Average Thickness,0.13612999502570056,2.0217171563890748e-195,3.2347474502225197e-194
With FLAIR,Gray Matter Volume,0.10661581827226008,7.571013002588144e-120,1.211362080414103e-118
With FLAIR,Thickness StdDev,0.03759741336428454,2.991880939560412e-15,4.787009503296659e-14
